group,function,value,throughput_num,throughput_type,sample_measured_value,unit,iteration_count
query_get_many_2,50000_calls_sparse,,,,2189700.0,ns,1
query_get_many_2,50000_calls_sparse,,,,3464200.0,ns,2
query_get_many_2,50000_calls_sparse,,,,4872700.0,ns,3
query_get_many_2,50000_calls_sparse,,,,6240300.0,ns,4
query_get_many_2,50000_calls_sparse,,,,7651100.0,ns,5
query_get_many_2,50000_calls_sparse,,,,9128500.0,ns,6
query_get_many_2,50000_calls_sparse,,,,10482000.0,ns,7
query_get_many_2,50000_calls_sparse,,,,11964000.0,ns,8
query_get_many_2,50000_calls_sparse,,,,13323300.0,ns,9
query_get_many_2,50000_calls_sparse,,,,14680500.0,ns,10
query_get_many_2,50000_calls_sparse,,,,16145600.0,ns,11
query_get_many_2,50000_calls_sparse,,,,17680400.0,ns,12
query_get_many_2,50000_calls_sparse,,,,18978900.0,ns,13
query_get_many_2,50000_calls_sparse,,,,20450000.0,ns,14
query_get_many_2,50000_calls_sparse,,,,21740100.0,ns,15
query_get_many_2,50000_calls_sparse,,,,23625000.0,ns,16
query_get_many_2,50000_calls_sparse,,,,24574700.0,ns,17
query_get_many_2,50000_calls_sparse,,,,25960600.0,ns,18
query_get_many_2,50000_calls_sparse,,,,27333200.0,ns,19
query_get_many_2,50000_calls_sparse,,,,30269200.0,ns,20
query_get_many_2,50000_calls_sparse,,,,30182200.0,ns,21
query_get_many_2,50000_calls_sparse,,,,31703200.0,ns,22
query_get_many_2,50000_calls_sparse,,,,33250900.0,ns,23
query_get_many_2,50000_calls_sparse,,,,34345300.0,ns,24
query_get_many_2,50000_calls_sparse,,,,36241900.0,ns,25
query_get_many_2,50000_calls_sparse,,,,37214800.0,ns,26
query_get_many_2,50000_calls_sparse,,,,39560100.0,ns,27
query_get_many_2,50000_calls_sparse,,,,40033900.0,ns,28
query_get_many_2,50000_calls_sparse,,,,41395700.0,ns,29
query_get_many_2,50000_calls_sparse,,,,42834200.0,ns,30
query_get_many_2,50000_calls_sparse,,,,45828000.0,ns,31
query_get_many_2,50000_calls_sparse,,,,45593600.0,ns,32
query_get_many_2,50000_calls_sparse,,,,47188100.0,ns,33
query_get_many_2,50000_calls_sparse,,,,48490900.0,ns,34
query_get_many_2,50000_calls_sparse,,,,50127000.0,ns,35
query_get_many_2,50000_calls_sparse,,,,51228600.0,ns,36
query_get_many_2,50000_calls_sparse,,,,52669300.0,ns,37
query_get_many_2,50000_calls_sparse,,,,54134000.0,ns,38
query_get_many_2,50000_calls_sparse,,,,55470200.0,ns,39
query_get_many_2,50000_calls_sparse,,,,57084600.0,ns,40
query_get_many_2,50000_calls_sparse,,,,58474700.0,ns,41
query_get_many_2,50000_calls_sparse,,,,59697700.0,ns,42
query_get_many_2,50000_calls_sparse,,,,61198400.0,ns,43
query_get_many_2,50000_calls_sparse,,,,62455900.0,ns,44
query_get_many_2,50000_calls_sparse,,,,64007900.0,ns,45
query_get_many_2,50000_calls_sparse,,,,65269900.0,ns,46
query_get_many_2,50000_calls_sparse,,,,66743800.0,ns,47
query_get_many_2,50000_calls_sparse,,,,68134000.0,ns,48
query_get_many_2,50000_calls_sparse,,,,69501900.0,ns,49
query_get_many_2,50000_calls_sparse,,,,71052700.0,ns,50
query_get_many_2,50000_calls_sparse,,,,72870500.0,ns,51
query_get_many_2,50000_calls_sparse,,,,73795300.0,ns,52
query_get_many_2,50000_calls_sparse,,,,75281900.0,ns,53
query_get_many_2,50000_calls_sparse,,,,76584200.0,ns,54
query_get_many_2,50000_calls_sparse,,,,78290700.0,ns,55
query_get_many_2,50000_calls_sparse,,,,79370700.0,ns,56
query_get_many_2,50000_calls_sparse,,,,80798900.0,ns,57
query_get_many_2,50000_calls_sparse,,,,82129100.0,ns,58
query_get_many_2,50000_calls_sparse,,,,83691400.0,ns,59
query_get_many_2,50000_calls_sparse,,,,84961300.0,ns,60
query_get_many_2,50000_calls_sparse,,,,87392500.0,ns,61
query_get_many_2,50000_calls_sparse,,,,87903200.0,ns,62
query_get_many_2,50000_calls_sparse,,,,89185000.0,ns,63
query_get_many_2,50000_calls_sparse,,,,90668800.0,ns,64
query_get_many_2,50000_calls_sparse,,,,92110400.0,ns,65
query_get_many_2,50000_calls_sparse,,,,93470200.0,ns,66
query_get_many_2,50000_calls_sparse,,,,94827000.0,ns,67
query_get_many_2,50000_calls_sparse,,,,96953400.0,ns,68
query_get_many_2,50000_calls_sparse,,,,98487700.0,ns,69
query_get_many_2,50000_calls_sparse,,,,100990000.0,ns,70
query_get_many_2,50000_calls_sparse,,,,101599200.0,ns,71
query_get_many_2,50000_calls_sparse,,,,101876700.0,ns,72
query_get_many_2,50000_calls_sparse,,,,103485900.0,ns,73
query_get_many_2,50000_calls_sparse,,,,105337500.0,ns,74
query_get_many_2,50000_calls_sparse,,,,106298600.0,ns,75
query_get_many_2,50000_calls_sparse,,,,107477900.0,ns,76
query_get_many_2,50000_calls_sparse,,,,111446800.0,ns,77
query_get_many_2,50000_calls_sparse,,,,110231300.0,ns,78
query_get_many_2,50000_calls_sparse,,,,113350600.0,ns,79
query_get_many_2,50000_calls_sparse,,,,113005000.0,ns,80
query_get_many_2,50000_calls_sparse,,,,116055600.0,ns,81
query_get_many_2,50000_calls_sparse,,,,116440100.0,ns,82
query_get_many_2,50000_calls_sparse,,,,117318900.0,ns,83
query_get_many_2,50000_calls_sparse,,,,119463300.0,ns,84
query_get_many_2,50000_calls_sparse,,,,120285200.0,ns,85
query_get_many_2,50000_calls_sparse,,,,121746600.0,ns,86
query_get_many_2,50000_calls_sparse,,,,122869300.0,ns,87
query_get_many_2,50000_calls_sparse,,,,125072400.0,ns,88
query_get_many_2,50000_calls_sparse,,,,125727700.0,ns,89
query_get_many_2,50000_calls_sparse,,,,127105600.0,ns,90
query_get_many_2,50000_calls_sparse,,,,128563700.0,ns,91
query_get_many_2,50000_calls_sparse,,,,129979000.0,ns,92
query_get_many_2,50000_calls_sparse,,,,131621900.0,ns,93
query_get_many_2,50000_calls_sparse,,,,132766000.0,ns,94
query_get_many_2,50000_calls_sparse,,,,134063900.0,ns,95
query_get_many_2,50000_calls_sparse,,,,135523600.0,ns,96
query_get_many_2,50000_calls_sparse,,,,137494100.0,ns,97
query_get_many_2,50000_calls_sparse,,,,139041900.0,ns,98
query_get_many_2,50000_calls_sparse,,,,139951600.0,ns,99
query_get_many_2,50000_calls_sparse,,,,141513500.0,ns,100
