{"mean":{"confidence_interval":{"confidence_level":0.95,"lower_bound":1332446.7596480334,"upper_bound":1364066.2193263862},"point_estimate":1346330.8084433163,"standard_error":8180.504775427891},"median":{"confidence_interval":{"confidence_level":0.95,"lower_bound":1323287.0967741935,"upper_bound":1335904.0},"point_estimate":1327684.2592592593,"standard_error":3514.4929844792737},"median_abs_dev":{"confidence_interval":{"confidence_level":0.95,"lower_bound":20015.65148087943,"upper_bound":32507.055912246284},"point_estimate":26817.668688448284,"standard_error":3163.1155449288585},"slope":{"confidence_interval":{"confidence_level":0.95,"lower_bound":1313118.1855932814,"upper_bound":1318681.786380198},"point_estimate":1315731.8483818532,"standard_error":1417.7842605877624},"std_dev":{"confidence_interval":{"confidence_level":0.95,"lower_bound":34549.83182050047,"upper_bound":124552.26217165755},"point_estimate":82729.84404753945,"standard_error":24447.91531555912}}