group,function,value,throughput_num,throughput_type,sample_measured_value,unit,iteration_count
query_get_many_2,50000_calls_table,,,,1966200.0,ns,1
query_get_many_2,50000_calls_table,,,,3307700.0,ns,2
query_get_many_2,50000_calls_table,,,,4681400.0,ns,3
query_get_many_2,50000_calls_table,,,,6376100.0,ns,4
query_get_many_2,50000_calls_table,,,,7109600.0,ns,5
query_get_many_2,50000_calls_table,,,,8719200.0,ns,6
query_get_many_2,50000_calls_table,,,,9892200.0,ns,7
query_get_many_2,50000_calls_table,,,,11141100.0,ns,8
query_get_many_2,50000_calls_table,,,,12490300.0,ns,9
query_get_many_2,50000_calls_table,,,,13852000.0,ns,10
query_get_many_2,50000_calls_table,,,,14992600.0,ns,11
query_get_many_2,50000_calls_table,,,,16227500.0,ns,12
query_get_many_2,50000_calls_table,,,,17640900.0,ns,13
query_get_many_2,50000_calls_table,,,,18919000.0,ns,14
query_get_many_2,50000_calls_table,,,,20344200.0,ns,15
query_get_many_2,50000_calls_table,,,,21704100.0,ns,16
query_get_many_2,50000_calls_table,,,,22811200.0,ns,17
query_get_many_2,50000_calls_table,,,,24478000.0,ns,18
query_get_many_2,50000_calls_table,,,,25480400.0,ns,19
query_get_many_2,50000_calls_table,,,,26956400.0,ns,20
query_get_many_2,50000_calls_table,,,,28415700.0,ns,21
query_get_many_2,50000_calls_table,,,,30013400.0,ns,22
query_get_many_2,50000_calls_table,,,,31076300.0,ns,23
query_get_many_2,50000_calls_table,,,,32224700.0,ns,24
query_get_many_2,50000_calls_table,,,,33397600.0,ns,25
query_get_many_2,50000_calls_table,,,,34759400.0,ns,26
query_get_many_2,50000_calls_table,,,,36395800.0,ns,27
query_get_many_2,50000_calls_table,,,,37364600.0,ns,28
query_get_many_2,50000_calls_table,,,,38960800.0,ns,29
query_get_many_2,50000_calls_table,,,,40385600.0,ns,30
query_get_many_2,50000_calls_table,,,,41474300.0,ns,31
query_get_many_2,50000_calls_table,,,,42851600.0,ns,32
query_get_many_2,50000_calls_table,,,,44955300.0,ns,33
query_get_many_2,50000_calls_table,,,,45975200.0,ns,34
query_get_many_2,50000_calls_table,,,,47066400.0,ns,35
query_get_many_2,50000_calls_table,,,,47796800.0,ns,36
query_get_many_2,50000_calls_table,,,,49254100.0,ns,37
query_get_many_2,50000_calls_table,,,,50682800.0,ns,38
query_get_many_2,50000_calls_table,,,,52138600.0,ns,39
query_get_many_2,50000_calls_table,,,,53498800.0,ns,40
query_get_many_2,50000_calls_table,,,,54382400.0,ns,41
query_get_many_2,50000_calls_table,,,,55644400.0,ns,42
query_get_many_2,50000_calls_table,,,,57089200.0,ns,43
query_get_many_2,50000_calls_table,,,,58987800.0,ns,44
query_get_many_2,50000_calls_table,,,,59595000.0,ns,45
query_get_many_2,50000_calls_table,,,,62117900.0,ns,46
query_get_many_2,50000_calls_table,,,,62522300.0,ns,47
query_get_many_2,50000_calls_table,,,,63601100.0,ns,48
query_get_many_2,50000_calls_table,,,,65479600.0,ns,49
query_get_many_2,50000_calls_table,,,,66302500.0,ns,50
query_get_many_2,50000_calls_table,,,,68920600.0,ns,51
query_get_many_2,50000_calls_table,,,,69346800.0,ns,52
query_get_many_2,50000_calls_table,,,,70984700.0,ns,53
query_get_many_2,50000_calls_table,,,,71694700.0,ns,54
query_get_many_2,50000_calls_table,,,,73398900.0,ns,55
query_get_many_2,50000_calls_table,,,,74149300.0,ns,56
query_get_many_2,50000_calls_table,,,,75584500.0,ns,57
query_get_many_2,50000_calls_table,,,,76631700.0,ns,58
query_get_many_2,50000_calls_table,,,,78006400.0,ns,59
query_get_many_2,50000_calls_table,,,,79233000.0,ns,60
query_get_many_2,50000_calls_table,,,,81383500.0,ns,61
query_get_many_2,50000_calls_table,,,,81845700.0,ns,62
query_get_many_2,50000_calls_table,,,,82390400.0,ns,63
query_get_many_2,50000_calls_table,,,,83918100.0,ns,64
query_get_many_2,50000_calls_table,,,,84721500.0,ns,65
query_get_many_2,50000_calls_table,,,,86028800.0,ns,66
query_get_many_2,50000_calls_table,,,,87705600.0,ns,67
query_get_many_2,50000_calls_table,,,,89599100.0,ns,68
query_get_many_2,50000_calls_table,,,,90484000.0,ns,69
query_get_many_2,50000_calls_table,,,,91842400.0,ns,70
query_get_many_2,50000_calls_table,,,,92526500.0,ns,71
query_get_many_2,50000_calls_table,,,,94065300.0,ns,72
query_get_many_2,50000_calls_table,,,,95131700.0,ns,73
query_get_many_2,50000_calls_table,,,,96731200.0,ns,74
query_get_many_2,50000_calls_table,,,,97652900.0,ns,75
query_get_many_2,50000_calls_table,,,,99049900.0,ns,76
query_get_many_2,50000_calls_table,,,,100270500.0,ns,77
query_get_many_2,50000_calls_table,,,,101814400.0,ns,78
query_get_many_2,50000_calls_table,,,,103490800.0,ns,79
query_get_many_2,50000_calls_table,,,,104126000.0,ns,80
query_get_many_2,50000_calls_table,,,,105581600.0,ns,81
query_get_many_2,50000_calls_table,,,,108083100.0,ns,82
query_get_many_2,50000_calls_table,,,,108628900.0,ns,83
query_get_many_2,50000_calls_table,,,,109683100.0,ns,84
query_get_many_2,50000_calls_table,,,,110717200.0,ns,85
query_get_many_2,50000_calls_table,,,,111969200.0,ns,86
query_get_many_2,50000_calls_table,,,,113226600.0,ns,87
query_get_many_2,50000_calls_table,,,,115413800.0,ns,88
query_get_many_2,50000_calls_table,,,,115863500.0,ns,89
query_get_many_2,50000_calls_table,,,,117722500.0,ns,90
query_get_many_2,50000_calls_table,,,,118536300.0,ns,91
query_get_many_2,50000_calls_table,,,,119878500.0,ns,92
query_get_many_2,50000_calls_table,,,,123065700.0,ns,93
query_get_many_2,50000_calls_table,,,,125054400.0,ns,94
query_get_many_2,50000_calls_table,,,,125209700.0,ns,95
query_get_many_2,50000_calls_table,,,,126982400.0,ns,96
query_get_many_2,50000_calls_table,,,,128024000.0,ns,97
query_get_many_2,50000_calls_table,,,,129468100.0,ns,98
query_get_many_2,50000_calls_table,,,,130056300.0,ns,99
query_get_many_2,50000_calls_table,,,,131297400.0,ns,100
