{"mean":{"confidence_interval":{"confidence_level":0.95,"lower_bound":2757227.0263495147,"upper_bound":2858743.854089611},"point_estimate":2797095.833434863,"standard_error":26863.1424251247},"median":{"confidence_interval":{"confidence_level":0.95,"lower_bound":2727992.5720620845,"upper_bound":2766198.0},"point_estimate":2746845.144230769,"standard_error":9961.066732853325},"median_abs_dev":{"confidence_interval":{"confidence_level":0.95,"lower_bound":56741.42663969728,"upper_bound":100056.82215169934},"point_estimate":76983.52934322486,"standard_error":11565.536251559774},"slope":{"confidence_interval":{"confidence_level":0.95,"lower_bound":2723946.855273421,"upper_bound":2745096.6620880305},"point_estimate":2734304.7583862864,"standard_error":5387.05575728955},"std_dev":{"confidence_interval":{"confidence_level":0.95,"lower_bound":80951.68622488849,"upper_bound":441750.3840341872},"point_estimate":269696.292688319,"standard_error":118043.60945513948}}