group,function,value,throughput_num,throughput_type,sample_measured_value,unit,iteration_count
query_get_many_5,50000_calls_table,,,,5258000.0,ns,1
query_get_many_5,50000_calls_table,,,,6551000.0,ns,2
query_get_many_5,50000_calls_table,,,,9466200.0,ns,3
query_get_many_5,50000_calls_table,,,,11977100.0,ns,4
query_get_many_5,50000_calls_table,,,,14576900.0,ns,5
query_get_many_5,50000_calls_table,,,,17649200.0,ns,6
query_get_many_5,50000_calls_table,,,,20109700.0,ns,7
query_get_many_5,50000_calls_table,,,,23100000.0,ns,8
query_get_many_5,50000_calls_table,,,,25835800.0,ns,9
query_get_many_5,50000_calls_table,,,,28335400.0,ns,10
query_get_many_5,50000_calls_table,,,,30865500.0,ns,11
query_get_many_5,50000_calls_table,,,,34470200.0,ns,12
query_get_many_5,50000_calls_table,,,,35986600.0,ns,13
query_get_many_5,50000_calls_table,,,,38872200.0,ns,14
query_get_many_5,50000_calls_table,,,,41872300.0,ns,15
query_get_many_5,50000_calls_table,,,,45876700.0,ns,16
query_get_many_5,50000_calls_table,,,,47388200.0,ns,17
query_get_many_5,50000_calls_table,,,,50130200.0,ns,18
query_get_many_5,50000_calls_table,,,,52387100.0,ns,19
query_get_many_5,50000_calls_table,,,,58308800.0,ns,20
query_get_many_5,50000_calls_table,,,,58459800.0,ns,21
query_get_many_5,50000_calls_table,,,,60027800.0,ns,22
query_get_many_5,50000_calls_table,,,,65193000.0,ns,23
query_get_many_5,50000_calls_table,,,,65380900.0,ns,24
query_get_many_5,50000_calls_table,,,,68130900.0,ns,25
query_get_many_5,50000_calls_table,,,,71060000.0,ns,26
query_get_many_5,50000_calls_table,,,,73551000.0,ns,27
query_get_many_5,50000_calls_table,,,,80124900.0,ns,28
query_get_many_5,50000_calls_table,,,,82467700.0,ns,29
query_get_many_5,50000_calls_table,,,,84746300.0,ns,30
query_get_many_5,50000_calls_table,,,,92028800.0,ns,31
query_get_many_5,50000_calls_table,,,,91262000.0,ns,32
query_get_many_5,50000_calls_table,,,,92961100.0,ns,33
query_get_many_5,50000_calls_table,,,,96410100.0,ns,34
query_get_many_5,50000_calls_table,,,,103467800.0,ns,35
query_get_many_5,50000_calls_table,,,,101732800.0,ns,36
query_get_many_5,50000_calls_table,,,,102688100.0,ns,37
query_get_many_5,50000_calls_table,,,,118943400.0,ns,38
query_get_many_5,50000_calls_table,,,,107826000.0,ns,39
query_get_many_5,50000_calls_table,,,,111510600.0,ns,40
query_get_many_5,50000_calls_table,,,,111825400.0,ns,41
query_get_many_5,50000_calls_table,,,,113187200.0,ns,42
query_get_many_5,50000_calls_table,,,,115455900.0,ns,43
query_get_many_5,50000_calls_table,,,,118211200.0,ns,44
query_get_many_5,50000_calls_table,,,,121680700.0,ns,45
query_get_many_5,50000_calls_table,,,,125496900.0,ns,46
query_get_many_5,50000_calls_table,,,,127519800.0,ns,47
query_get_many_5,50000_calls_table,,,,128958600.0,ns,48
query_get_many_5,50000_calls_table,,,,131209000.0,ns,49
query_get_many_5,50000_calls_table,,,,138309900.0,ns,50
query_get_many_5,50000_calls_table,,,,137274500.0,ns,51
query_get_many_5,50000_calls_table,,,,139932900.0,ns,52
query_get_many_5,50000_calls_table,,,,142427600.0,ns,53
query_get_many_5,50000_calls_table,,,,144916000.0,ns,54
query_get_many_5,50000_calls_table,,,,151949500.0,ns,55
query_get_many_5,50000_calls_table,,,,150393500.0,ns,56
query_get_many_5,50000_calls_table,,,,152818900.0,ns,57
query_get_many_5,50000_calls_table,,,,155101700.0,ns,58
query_get_many_5,50000_calls_table,,,,158097300.0,ns,59
query_get_many_5,50000_calls_table,,,,160707800.0,ns,60
query_get_many_5,50000_calls_table,,,,163124500.0,ns,61
query_get_many_5,50000_calls_table,,,,165778900.0,ns,62
query_get_many_5,50000_calls_table,,,,174466700.0,ns,63
query_get_many_5,50000_calls_table,,,,171703400.0,ns,64
query_get_many_5,50000_calls_table,,,,173735900.0,ns,65
query_get_many_5,50000_calls_table,,,,176756800.0,ns,66
query_get_many_5,50000_calls_table,,,,180880900.0,ns,67
query_get_many_5,50000_calls_table,,,,183870500.0,ns,68
query_get_many_5,50000_calls_table,,,,186940100.0,ns,69
query_get_many_5,50000_calls_table,,,,187453100.0,ns,70
query_get_many_5,50000_calls_table,,,,191335500.0,ns,71
query_get_many_5,50000_calls_table,,,,196872600.0,ns,72
query_get_many_5,50000_calls_table,,,,196738700.0,ns,73
query_get_many_5,50000_calls_table,,,,199090300.0,ns,74
query_get_many_5,50000_calls_table,,,,202569500.0,ns,75
query_get_many_5,50000_calls_table,,,,214941200.0,ns,76
query_get_many_5,50000_calls_table,,,,213047100.0,ns,77
query_get_many_5,50000_calls_table,,,,212066200.0,ns,78
query_get_many_5,50000_calls_table,,,,212897700.0,ns,79
query_get_many_5,50000_calls_table,,,,219714300.0,ns,80
query_get_many_5,50000_calls_table,,,,221189000.0,ns,81
query_get_many_5,50000_calls_table,,,,226476000.0,ns,82
query_get_many_5,50000_calls_table,,,,222055200.0,ns,83
query_get_many_5,50000_calls_table,,,,230977000.0,ns,84
query_get_many_5,50000_calls_table,,,,233846000.0,ns,85
query_get_many_5,50000_calls_table,,,,239750700.0,ns,86
query_get_many_5,50000_calls_table,,,,238278600.0,ns,87
query_get_many_5,50000_calls_table,,,,241104900.0,ns,88
query_get_many_5,50000_calls_table,,,,244672300.0,ns,89
query_get_many_5,50000_calls_table,,,,249787500.0,ns,90
query_get_many_5,50000_calls_table,,,,250000800.0,ns,91
query_get_many_5,50000_calls_table,,,,249710200.0,ns,92
query_get_many_5,50000_calls_table,,,,254969400.0,ns,93
query_get_many_5,50000_calls_table,,,,257959700.0,ns,94
query_get_many_5,50000_calls_table,,,,263419900.0,ns,95
query_get_many_5,50000_calls_table,,,,259040600.0,ns,96
query_get_many_5,50000_calls_table,,,,263905100.0,ns,97
query_get_many_5,50000_calls_table,,,,266300200.0,ns,98
query_get_many_5,50000_calls_table,,,,277881200.0,ns,99
query_get_many_5,50000_calls_table,,,,275948500.0,ns,100
