{"mean":{"confidence_interval":{"confidence_level":0.95,"lower_bound":8052469.282702649,"upper_bound":8430446.331092708},"point_estimate":8232884.637696416,"standard_error":96624.80803999914},"median":{"confidence_interval":{"confidence_level":0.95,"lower_bound":7794051.923076923,"upper_bound":8220049.700945398},"point_estimate":7946142.681912682,"standard_error":121055.30636311311},"median_abs_dev":{"confidence_interval":{"confidence_level":0.95,"lower_bound":630660.6983941323,"upper_bound":1074928.306058349},"point_estimate":889100.2746171865,"standard_error":119834.73391228862},"slope":{"confidence_interval":{"confidence_level":0.95,"lower_bound":7784815.88589266,"upper_bound":8231889.554425027},"point_estimate":7984501.919609872,"standard_error":114240.55092053012},"std_dev":{"confidence_interval":{"confidence_level":0.95,"lower_bound":703740.0037973993,"upper_bound":1240540.3393819972},"point_estimate":973052.1254156702,"standard_error":140743.08616763417}}