group,function,value,throughput_num,throughput_type,sample_measured_value,unit,iteration_count
query_get_many_10,50000_calls_sparse,,,,8654800.0,ns,1
query_get_many_10,50000_calls_sparse,,,,19450700.0,ns,2
query_get_many_10,50000_calls_sparse,,,,23148500.0,ns,3
query_get_many_10,50000_calls_sparse,,,,30961600.0,ns,4
query_get_many_10,50000_calls_sparse,,,,38487300.0,ns,5
query_get_many_10,50000_calls_sparse,,,,47356800.0,ns,6
query_get_many_10,50000_calls_sparse,,,,52204000.0,ns,7
query_get_many_10,50000_calls_sparse,,,,59781100.0,ns,8
query_get_many_10,50000_calls_sparse,,,,78378400.0,ns,9
query_get_many_10,50000_calls_sparse,,,,72603900.0,ns,10
query_get_many_10,50000_calls_sparse,,,,80536000.0,ns,11
query_get_many_10,50000_calls_sparse,,,,89524300.0,ns,12
query_get_many_10,50000_calls_sparse,,,,94702500.0,ns,13
query_get_many_10,50000_calls_sparse,,,,104576100.0,ns,14
query_get_many_10,50000_calls_sparse,,,,110649300.0,ns,15
query_get_many_10,50000_calls_sparse,,,,132387900.0,ns,16
query_get_many_10,50000_calls_sparse,,,,156998000.0,ns,17
query_get_many_10,50000_calls_sparse,,,,178379700.0,ns,18
query_get_many_10,50000_calls_sparse,,,,183612200.0,ns,19
query_get_many_10,50000_calls_sparse,,,,158285000.0,ns,20
query_get_many_10,50000_calls_sparse,,,,182725000.0,ns,21
query_get_many_10,50000_calls_sparse,,,,207394700.0,ns,22
query_get_many_10,50000_calls_sparse,,,,206902400.0,ns,23
query_get_many_10,50000_calls_sparse,,,,207810900.0,ns,24
query_get_many_10,50000_calls_sparse,,,,195106600.0,ns,25
query_get_many_10,50000_calls_sparse,,,,200106000.0,ns,26
query_get_many_10,50000_calls_sparse,,,,207510000.0,ns,27
query_get_many_10,50000_calls_sparse,,,,215502600.0,ns,28
query_get_many_10,50000_calls_sparse,,,,222901800.0,ns,29
query_get_many_10,50000_calls_sparse,,,,241001400.0,ns,30
query_get_many_10,50000_calls_sparse,,,,245153500.0,ns,31
query_get_many_10,50000_calls_sparse,,,,252722300.0,ns,32
query_get_many_10,50000_calls_sparse,,,,269507400.0,ns,33
query_get_many_10,50000_calls_sparse,,,,292692900.0,ns,34
query_get_many_10,50000_calls_sparse,,,,301628300.0,ns,35
query_get_many_10,50000_calls_sparse,,,,326456400.0,ns,36
query_get_many_10,50000_calls_sparse,,,,336678200.0,ns,37
query_get_many_10,50000_calls_sparse,,,,346508500.0,ns,38
query_get_many_10,50000_calls_sparse,,,,293708100.0,ns,39
query_get_many_10,50000_calls_sparse,,,,309228500.0,ns,40
query_get_many_10,50000_calls_sparse,,,,315536800.0,ns,41
query_get_many_10,50000_calls_sparse,,,,319330400.0,ns,42
query_get_many_10,50000_calls_sparse,,,,364546400.0,ns,43
query_get_many_10,50000_calls_sparse,,,,389374600.0,ns,44
query_get_many_10,50000_calls_sparse,,,,373376900.0,ns,45
query_get_many_10,50000_calls_sparse,,,,337789200.0,ns,46
query_get_many_10,50000_calls_sparse,,,,361896200.0,ns,47
query_get_many_10,50000_calls_sparse,,,,453157800.0,ns,48
query_get_many_10,50000_calls_sparse,,,,457800700.0,ns,49
query_get_many_10,50000_calls_sparse,,,,472589100.0,ns,50
query_get_many_10,50000_calls_sparse,,,,449298900.0,ns,51
query_get_many_10,50000_calls_sparse,,,,457251700.0,ns,52
query_get_many_10,50000_calls_sparse,,,,468072800.0,ns,53
query_get_many_10,50000_calls_sparse,,,,488650200.0,ns,54
query_get_many_10,50000_calls_sparse,,,,504689600.0,ns,55
query_get_many_10,50000_calls_sparse,,,,522523500.0,ns,56
query_get_many_10,50000_calls_sparse,,,,523860600.0,ns,57
query_get_many_10,50000_calls_sparse,,,,521197800.0,ns,58
query_get_many_10,50000_calls_sparse,,,,479022800.0,ns,59
query_get_many_10,50000_calls_sparse,,,,752212400.0,ns,60
query_get_many_10,50000_calls_sparse,,,,781198500.0,ns,61
query_get_many_10,50000_calls_sparse,,,,587816000.0,ns,62
query_get_many_10,50000_calls_sparse,,,,514113300.0,ns,63
query_get_many_10,50000_calls_sparse,,,,525388700.0,ns,64
query_get_many_10,50000_calls_sparse,,,,517334400.0,ns,65
query_get_many_10,50000_calls_sparse,,,,586324800.0,ns,66
query_get_many_10,50000_calls_sparse,,,,592137900.0,ns,67
query_get_many_10,50000_calls_sparse,,,,599829300.0,ns,68
query_get_many_10,50000_calls_sparse,,,,607395700.0,ns,69
query_get_many_10,50000_calls_sparse,,,,587040100.0,ns,70
query_get_many_10,50000_calls_sparse,,,,587243000.0,ns,71
query_get_many_10,50000_calls_sparse,,,,600083100.0,ns,72
query_get_many_10,50000_calls_sparse,,,,596342200.0,ns,73
query_get_many_10,50000_calls_sparse,,,,587063800.0,ns,74
query_get_many_10,50000_calls_sparse,,,,586753300.0,ns,75
query_get_many_10,50000_calls_sparse,,,,597358500.0,ns,76
query_get_many_10,50000_calls_sparse,,,,618837700.0,ns,77
query_get_many_10,50000_calls_sparse,,,,612120900.0,ns,78
query_get_many_10,50000_calls_sparse,,,,580623300.0,ns,79
query_get_many_10,50000_calls_sparse,,,,589378500.0,ns,80
query_get_many_10,50000_calls_sparse,,,,619062300.0,ns,81
query_get_many_10,50000_calls_sparse,,,,627584400.0,ns,82
query_get_many_10,50000_calls_sparse,,,,651574300.0,ns,83
query_get_many_10,50000_calls_sparse,,,,685444400.0,ns,84
query_get_many_10,50000_calls_sparse,,,,617136400.0,ns,85
query_get_many_10,50000_calls_sparse,,,,696438500.0,ns,86
query_get_many_10,50000_calls_sparse,,,,633247700.0,ns,87
query_get_many_10,50000_calls_sparse,,,,644012300.0,ns,88
query_get_many_10,50000_calls_sparse,,,,681985200.0,ns,89
query_get_many_10,50000_calls_sparse,,,,653783000.0,ns,90
query_get_many_10,50000_calls_sparse,,,,652802500.0,ns,91
query_get_many_10,50000_calls_sparse,,,,662210900.0,ns,92
query_get_many_10,50000_calls_sparse,,,,678830600.0,ns,93
query_get_many_10,50000_calls_sparse,,,,697285300.0,ns,94
query_get_many_10,50000_calls_sparse,,,,679765600.0,ns,95
query_get_many_10,50000_calls_sparse,,,,706835900.0,ns,96
query_get_many_10,50000_calls_sparse,,,,692259100.0,ns,97
query_get_many_10,50000_calls_sparse,,,,700528600.0,ns,98
query_get_many_10,50000_calls_sparse,,,,714017900.0,ns,99
query_get_many_10,50000_calls_sparse,,,,725971900.0,ns,100
