{"mean":{"confidence_interval":{"confidence_level":0.95,"lower_bound":5795550.963482187,"upper_bound":5907155.869686876},"point_estimate":5848025.562131635,"standard_error":28452.1347352512},"median":{"confidence_interval":{"confidence_level":0.95,"lower_bound":5755678.787878788,"upper_bound":5834902.040816327},"point_estimate":5795396.590909091,"standard_error":23491.98301918954},"median_abs_dev":{"confidence_interval":{"confidence_level":0.95,"lower_bound":148651.2451494263,"upper_bound":245051.94395715054},"point_estimate":203215.424930085,"standard_error":24149.46806145202},"slope":{"confidence_interval":{"confidence_level":0.95,"lower_bound":5710580.977255523,"upper_bound":5806182.873045508},"point_estimate":5757406.21457071,"standard_error":24411.318281341184},"std_dev":{"confidence_interval":{"confidence_level":0.95,"lower_bound":195487.7504431895,"upper_bound":383560.47190919897},"point_estimate":284535.7993147011,"standard_error":51133.821096420055}}