group,function,value,throughput_num,throughput_type,sample_measured_value,unit,iteration_count
query_get_many_10,50000_calls_table,,,,7545200.0,ns,1
query_get_many_10,50000_calls_table,,,,13386000.0,ns,2
query_get_many_10,50000_calls_table,,,,19272900.0,ns,3
query_get_many_10,50000_calls_table,,,,25484700.0,ns,4
query_get_many_10,50000_calls_table,,,,30111200.0,ns,5
query_get_many_10,50000_calls_table,,,,36521300.0,ns,6
query_get_many_10,50000_calls_table,,,,40796600.0,ns,7
query_get_many_10,50000_calls_table,,,,48599300.0,ns,8
query_get_many_10,50000_calls_table,,,,54235800.0,ns,9
query_get_many_10,50000_calls_table,,,,62100200.0,ns,10
query_get_many_10,50000_calls_table,,,,65111100.0,ns,11
query_get_many_10,50000_calls_table,,,,70213100.0,ns,12
query_get_many_10,50000_calls_table,,,,73261600.0,ns,13
query_get_many_10,50000_calls_table,,,,83532900.0,ns,14
query_get_many_10,50000_calls_table,,,,89453000.0,ns,15
query_get_many_10,50000_calls_table,,,,96351900.0,ns,16
query_get_many_10,50000_calls_table,,,,102243800.0,ns,17
query_get_many_10,50000_calls_table,,,,104688800.0,ns,18
query_get_many_10,50000_calls_table,,,,107732200.0,ns,19
query_get_many_10,50000_calls_table,,,,118876300.0,ns,20
query_get_many_10,50000_calls_table,,,,120585300.0,ns,21
query_get_many_10,50000_calls_table,,,,136316600.0,ns,22
query_get_many_10,50000_calls_table,,,,140484000.0,ns,23
query_get_many_10,50000_calls_table,,,,142825800.0,ns,24
query_get_many_10,50000_calls_table,,,,141855800.0,ns,25
query_get_many_10,50000_calls_table,,,,156042000.0,ns,26
query_get_many_10,50000_calls_table,,,,170750000.0,ns,27
query_get_many_10,50000_calls_table,,,,175306200.0,ns,28
query_get_many_10,50000_calls_table,,,,178193500.0,ns,29
query_get_many_10,50000_calls_table,,,,171866400.0,ns,30
query_get_many_10,50000_calls_table,,,,175212300.0,ns,31
query_get_many_10,50000_calls_table,,,,185660600.0,ns,32
query_get_many_10,50000_calls_table,,,,196284700.0,ns,33
query_get_many_10,50000_calls_table,,,,194270800.0,ns,34
query_get_many_10,50000_calls_table,,,,209895800.0,ns,35
query_get_many_10,50000_calls_table,,,,202381400.0,ns,36
query_get_many_10,50000_calls_table,,,,213697300.0,ns,37
query_get_many_10,50000_calls_table,,,,228069600.0,ns,38
query_get_many_10,50000_calls_table,,,,224004200.0,ns,39
query_get_many_10,50000_calls_table,,,,229361400.0,ns,40
query_get_many_10,50000_calls_table,,,,247691200.0,ns,41
query_get_many_10,50000_calls_table,,,,246608400.0,ns,42
query_get_many_10,50000_calls_table,,,,238634500.0,ns,43
query_get_many_10,50000_calls_table,,,,253500400.0,ns,44
query_get_many_10,50000_calls_table,,,,268594900.0,ns,45
query_get_many_10,50000_calls_table,,,,263075300.0,ns,46
query_get_many_10,50000_calls_table,,,,267869800.0,ns,47
query_get_many_10,50000_calls_table,,,,276945300.0,ns,48
query_get_many_10,50000_calls_table,,,,288246700.0,ns,49
query_get_many_10,50000_calls_table,,,,273584500.0,ns,50
query_get_many_10,50000_calls_table,,,,296862200.0,ns,51
query_get_many_10,50000_calls_table,,,,308093600.0,ns,52
query_get_many_10,50000_calls_table,,,,302971400.0,ns,53
query_get_many_10,50000_calls_table,,,,309368800.0,ns,54
query_get_many_10,50000_calls_table,,,,319056500.0,ns,55
query_get_many_10,50000_calls_table,,,,323753900.0,ns,56
query_get_many_10,50000_calls_table,,,,321826000.0,ns,57
query_get_many_10,50000_calls_table,,,,317096100.0,ns,58
query_get_many_10,50000_calls_table,,,,333543200.0,ns,59
query_get_many_10,50000_calls_table,,,,331717900.0,ns,60
query_get_many_10,50000_calls_table,,,,343746600.0,ns,61
query_get_many_10,50000_calls_table,,,,357380300.0,ns,62
query_get_many_10,50000_calls_table,,,,341284000.0,ns,63
query_get_many_10,50000_calls_table,,,,366220600.0,ns,64
query_get_many_10,50000_calls_table,,,,368319400.0,ns,65
query_get_many_10,50000_calls_table,,,,379499000.0,ns,66
query_get_many_10,50000_calls_table,,,,367279400.0,ns,67
query_get_many_10,50000_calls_table,,,,371648000.0,ns,68
query_get_many_10,50000_calls_table,,,,409803600.0,ns,69
query_get_many_10,50000_calls_table,,,,399066400.0,ns,70
query_get_many_10,50000_calls_table,,,,413075600.0,ns,71
query_get_many_10,50000_calls_table,,,,402006100.0,ns,72
query_get_many_10,50000_calls_table,,,,425126700.0,ns,73
query_get_many_10,50000_calls_table,,,,430986300.0,ns,74
query_get_many_10,50000_calls_table,,,,433498500.0,ns,75
query_get_many_10,50000_calls_table,,,,431289700.0,ns,76
query_get_many_10,50000_calls_table,,,,448576300.0,ns,77
query_get_many_10,50000_calls_table,,,,437699700.0,ns,78
query_get_many_10,50000_calls_table,,,,456952800.0,ns,79
query_get_many_10,50000_calls_table,,,,473268300.0,ns,80
query_get_many_10,50000_calls_table,,,,465298900.0,ns,81
query_get_many_10,50000_calls_table,,,,509170300.0,ns,82
query_get_many_10,50000_calls_table,,,,491974900.0,ns,83
query_get_many_10,50000_calls_table,,,,494075100.0,ns,84
query_get_many_10,50000_calls_table,,,,465919600.0,ns,85
query_get_many_10,50000_calls_table,,,,501759800.0,ns,86
query_get_many_10,50000_calls_table,,,,494691200.0,ns,87
query_get_many_10,50000_calls_table,,,,509499400.0,ns,88
query_get_many_10,50000_calls_table,,,,497337400.0,ns,89
query_get_many_10,50000_calls_table,,,,499331600.0,ns,90
query_get_many_10,50000_calls_table,,,,524866700.0,ns,91
query_get_many_10,50000_calls_table,,,,546378700.0,ns,92
query_get_many_10,50000_calls_table,,,,550938000.0,ns,93
query_get_many_10,50000_calls_table,,,,528376100.0,ns,94
query_get_many_10,50000_calls_table,,,,590680000.0,ns,95
query_get_many_10,50000_calls_table,,,,545359000.0,ns,96
query_get_many_10,50000_calls_table,,,,554775200.0,ns,97
query_get_many_10,50000_calls_table,,,,572488400.0,ns,98
query_get_many_10,50000_calls_table,,,,570052400.0,ns,99
query_get_many_10,50000_calls_table,,,,544888500.0,ns,100
