{"mean":{"confidence_interval":{"confidence_level":0.95,"lower_bound":3160516.050771736,"upper_bound":3332582.9599860013},"point_estimate":3240663.7654458894,"standard_error":44188.170267500405},"median":{"confidence_interval":{"confidence_level":0.95,"lower_bound":3033538.775510204,"upper_bound":3115741.0},"point_estimate":3064827.1973466002,"standard_error":18004.320930882892},"median_abs_dev":{"confidence_interval":{"confidence_level":0.95,"lower_bound":99311.72365609197,"upper_bound":207974.21995548546},"point_estimate":137558.75881075682,"standard_error":26425.392743072374},"slope":{"confidence_interval":{"confidence_level":0.95,"lower_bound":3039497.85161159,"upper_bound":3107433.169345248},"point_estimate":3070211.4399290676,"standard_error":17379.024026474668},"std_dev":{"confidence_interval":{"confidence_level":0.95,"lower_bound":293093.2818035546,"upper_bound":575225.3296634258},"point_estimate":441512.52219808917,"standard_error":72534.07710889602}}