group,function,value,throughput_num,throughput_type,sample_measured_value,unit,iteration_count
query_get_many_5,50000_calls_sparse,,,,5508800.0,ns,1
query_get_many_5,50000_calls_sparse,,,,8547000.0,ns,2
query_get_many_5,50000_calls_sparse,,,,10715700.0,ns,3
query_get_many_5,50000_calls_sparse,,,,13607600.0,ns,4
query_get_many_5,50000_calls_sparse,,,,16691000.0,ns,5
query_get_many_5,50000_calls_sparse,,,,21690600.0,ns,6
query_get_many_5,50000_calls_sparse,,,,21953800.0,ns,7
query_get_many_5,50000_calls_sparse,,,,25766800.0,ns,8
query_get_many_5,50000_calls_sparse,,,,29030800.0,ns,9
query_get_many_5,50000_calls_sparse,,,,30876400.0,ns,10
query_get_many_5,50000_calls_sparse,,,,36119100.0,ns,11
query_get_many_5,50000_calls_sparse,,,,36750200.0,ns,12
query_get_many_5,50000_calls_sparse,,,,39872800.0,ns,13
query_get_many_5,50000_calls_sparse,,,,42823700.0,ns,14
query_get_many_5,50000_calls_sparse,,,,46323400.0,ns,15
query_get_many_5,50000_calls_sparse,,,,49006700.0,ns,16
query_get_many_5,50000_calls_sparse,,,,51522000.0,ns,17
query_get_many_5,50000_calls_sparse,,,,55161200.0,ns,18
query_get_many_5,50000_calls_sparse,,,,63813100.0,ns,19
query_get_many_5,50000_calls_sparse,,,,65263100.0,ns,20
query_get_many_5,50000_calls_sparse,,,,66031900.0,ns,21
query_get_many_5,50000_calls_sparse,,,,81899700.0,ns,22
query_get_many_5,50000_calls_sparse,,,,79311100.0,ns,23
query_get_many_5,50000_calls_sparse,,,,75499800.0,ns,24
query_get_many_5,50000_calls_sparse,,,,78196700.0,ns,25
query_get_many_5,50000_calls_sparse,,,,128777600.0,ns,26
query_get_many_5,50000_calls_sparse,,,,118664800.0,ns,27
query_get_many_5,50000_calls_sparse,,,,93302900.0,ns,28
query_get_many_5,50000_calls_sparse,,,,107425400.0,ns,29
query_get_many_5,50000_calls_sparse,,,,115792200.0,ns,30
query_get_many_5,50000_calls_sparse,,,,119311200.0,ns,31
query_get_many_5,50000_calls_sparse,,,,148600800.0,ns,32
query_get_many_5,50000_calls_sparse,,,,122823800.0,ns,33
query_get_many_5,50000_calls_sparse,,,,133322300.0,ns,34
query_get_many_5,50000_calls_sparse,,,,110095200.0,ns,35
query_get_many_5,50000_calls_sparse,,,,111136200.0,ns,36
query_get_many_5,50000_calls_sparse,,,,111266100.0,ns,37
query_get_many_5,50000_calls_sparse,,,,115587800.0,ns,38
query_get_many_5,50000_calls_sparse,,,,119130800.0,ns,39
query_get_many_5,50000_calls_sparse,,,,124794200.0,ns,40
query_get_many_5,50000_calls_sparse,,,,139940100.0,ns,41
query_get_many_5,50000_calls_sparse,,,,150641700.0,ns,42
query_get_many_5,50000_calls_sparse,,,,142190100.0,ns,43
query_get_many_5,50000_calls_sparse,,,,175715400.0,ns,44
query_get_many_5,50000_calls_sparse,,,,174924300.0,ns,45
query_get_many_5,50000_calls_sparse,,,,159853100.0,ns,46
query_get_many_5,50000_calls_sparse,,,,154983000.0,ns,47
query_get_many_5,50000_calls_sparse,,,,155314800.0,ns,48
query_get_many_5,50000_calls_sparse,,,,148166300.0,ns,49
query_get_many_5,50000_calls_sparse,,,,154706600.0,ns,50
query_get_many_5,50000_calls_sparse,,,,155823100.0,ns,51
query_get_many_5,50000_calls_sparse,,,,154228000.0,ns,52
query_get_many_5,50000_calls_sparse,,,,158344300.0,ns,53
query_get_many_5,50000_calls_sparse,,,,165762200.0,ns,54
query_get_many_5,50000_calls_sparse,,,,166149200.0,ns,55
query_get_many_5,50000_calls_sparse,,,,172020400.0,ns,56
query_get_many_5,50000_calls_sparse,,,,169268100.0,ns,57
query_get_many_5,50000_calls_sparse,,,,172465500.0,ns,58
query_get_many_5,50000_calls_sparse,,,,178577200.0,ns,59
query_get_many_5,50000_calls_sparse,,,,180456000.0,ns,60
query_get_many_5,50000_calls_sparse,,,,182624500.0,ns,61
query_get_many_5,50000_calls_sparse,,,,184586300.0,ns,62
query_get_many_5,50000_calls_sparse,,,,186420800.0,ns,63
query_get_many_5,50000_calls_sparse,,,,190960400.0,ns,64
query_get_many_5,50000_calls_sparse,,,,193175700.0,ns,65
query_get_many_5,50000_calls_sparse,,,,197132200.0,ns,66
query_get_many_5,50000_calls_sparse,,,,205364600.0,ns,67
query_get_many_5,50000_calls_sparse,,,,200739100.0,ns,68
query_get_many_5,50000_calls_sparse,,,,220930200.0,ns,69
query_get_many_5,50000_calls_sparse,,,,207432200.0,ns,70
query_get_many_5,50000_calls_sparse,,,,210736600.0,ns,71
query_get_many_5,50000_calls_sparse,,,,212641800.0,ns,72
query_get_many_5,50000_calls_sparse,,,,214580500.0,ns,73
query_get_many_5,50000_calls_sparse,,,,217812400.0,ns,74
query_get_many_5,50000_calls_sparse,,,,222140300.0,ns,75
query_get_many_5,50000_calls_sparse,,,,224386600.0,ns,76
query_get_many_5,50000_calls_sparse,,,,233288000.0,ns,77
query_get_many_5,50000_calls_sparse,,,,232874100.0,ns,78
query_get_many_5,50000_calls_sparse,,,,234183800.0,ns,79
query_get_many_5,50000_calls_sparse,,,,237079800.0,ns,80
query_get_many_5,50000_calls_sparse,,,,238264700.0,ns,81
query_get_many_5,50000_calls_sparse,,,,250027800.0,ns,82
query_get_many_5,50000_calls_sparse,,,,252243500.0,ns,83
query_get_many_5,50000_calls_sparse,,,,249817300.0,ns,84
query_get_many_5,50000_calls_sparse,,,,255031600.0,ns,85
query_get_many_5,50000_calls_sparse,,,,280492400.0,ns,86
query_get_many_5,50000_calls_sparse,,,,258577600.0,ns,87
query_get_many_5,50000_calls_sparse,,,,285546500.0,ns,88
query_get_many_5,50000_calls_sparse,,,,264999500.0,ns,89
query_get_many_5,50000_calls_sparse,,,,268611800.0,ns,90
query_get_many_5,50000_calls_sparse,,,,274006600.0,ns,91
query_get_many_5,50000_calls_sparse,,,,272152300.0,ns,92
query_get_many_5,50000_calls_sparse,,,,279311200.0,ns,93
query_get_many_5,50000_calls_sparse,,,,293851000.0,ns,94
query_get_many_5,50000_calls_sparse,,,,295207100.0,ns,95
query_get_many_5,50000_calls_sparse,,,,285933900.0,ns,96
query_get_many_5,50000_calls_sparse,,,,290532000.0,ns,97
query_get_many_5,50000_calls_sparse,,,,297286800.0,ns,98
query_get_many_5,50000_calls_sparse,,,,293851500.0,ns,99
query_get_many_5,50000_calls_sparse,,,,311574100.0,ns,100
